Area,Average Difference,Count of Properties,Average Actual Value
243,1.1852634523945276,2,-0.13379636900000003
266,1.0655259915421142,9,-4.403701102888889
179,0.7194373937990721,2,3.614251819
341,0.6786386644937873,2,-0.156129925
208,0.6605083758332522,1,3.758582372
154,0.6477577432950441,2,3.3181305185
329,0.63233917677417,1,3.116946998
245,0.5820100797280272,1,3.185284804
242,0.5437621255680237,4,-0.8367146035
295,0.5377232364165039,2,2.768719978
